REP_PERIOD,FUND_TYP,COD_BUDGET,COD_CRED_KK,COD_CRED_KK_NAME,ZAT_AMT,PLANS_AMT,FAKT_AMT,FAKTBN_AMT,CITY
2021-01-31,T,26000000000,4123,Повернення інших внутрішніх кредитів,-300000,0,0,NA,Kyiv
2021-01-31,C,26000000000,4122,"Повернення кредитів підприємствами, установами, організаціями",-81336671,0,-13119849.66,NA,Kyiv
2021-01-31,T,26000000000,4122,"Повернення кредитів підприємствами, установами, організаціями",-81336671,0,-13119849.66,NA,Kyiv
2021-01-31,T,26000000000,4112,"Надання кредитів підприємствам, установам, організаціям",3500000,0,0,NA,Kyiv
2021-01-31,C,26000000000,4112,"Надання кредитів підприємствам, установам, організаціям",3500000,0,0,NA,Kyiv
2021-01-31,S,26000000000,4123,Повернення інших внутрішніх кредитів,-300000,0,0,0,Kyiv
2021-01-31,T,13563000000,4122,"Повернення кредитів підприємствами, установами, організаціями",-5708949,0,0,NA,Lviv
2021-01-31,S,13563000000,4123,Повернення інших внутрішніх кредитів,-2251000,0,0,0,Lviv
2021-01-31,T,13563000000,4112,"Надання кредитів підприємствам, установам, організаціям",5708949,5708949,0,NA,Lviv
2021-01-31,S,13563000000,4113,Надання інших внутрішніх кредитів,2251000,2251000,0,0,Lviv
2021-01-31,C,13563000000,4113,Надання інших внутрішніх кредитів,16500000,16500000,0,NA,Lviv
2021-01-31,T,13563000000,4123,Повернення інших внутрішніх кредитів,-2251000,0,0,NA,Lviv
2021-01-31,S,13563000000,4112,"Надання кредитів підприємствам, установам, організаціям",5708949,5708949,0,0,Lviv
2021-01-31,S,13563000000,4122,"Повернення кредитів підприємствами, установами, організаціями",-5708949,0,0,0,Lviv
2021-01-31,T,13563000000,4113,Надання інших внутрішніх кредитів,18751000,18751000,0,NA,Lviv
2021-02-28,T,26000000000,4122,"Повернення кредитів підприємствами, установами, організаціями",-81336671,0,-26373499.32,NA,Kyiv
2021-02-28,S,26000000000,4123,Повернення інших внутрішніх кредитів,-300000,0,0,0,Kyiv
2021-02-28,C,26000000000,4122,"Повернення кредитів підприємствами, установами, організаціями",-81336671,0,-26373499.32,NA,Kyiv
2021-02-28,T,26000000000,4123,Повернення інших внутрішніх кредитів,-300000,0,0,NA,Kyiv
2021-02-28,C,26000000000,4112,"Надання кредитів підприємствам, установам, організаціям",194753116,194753116,0,NA,Kyiv
2021-02-28,T,26000000000,4112,"Надання кредитів підприємствам, установам, організаціям",194753116,194753116,0,NA,Kyiv
2021-02-28,S,13563000000,4122,"Повернення кредитів підприємствами, установами, організаціями",-5708949,0,0,0,Lviv
2021-02-28,T,13563000000,4123,Повернення інших внутрішніх кредитів,-2251000,0,-183322.12,NA,Lviv
2021-02-28,T,13563000000,4122,"Повернення кредитів підприємствами, установами, організаціями",-5708949,0,0,NA,Lviv
2021-02-28,C,13563000000,4113,Надання інших внутрішніх кредитів,16500000,16500000,0,NA,Lviv
2021-02-28,S,13563000000,4123,Повернення інших внутрішніх кредитів,-2251000,0,-183322.12,0,Lviv
2021-02-28,T,13563000000,4112,"Надання кредитів підприємствам, установам, організаціям",5708949,5708949,0,NA,Lviv
2021-02-28,S,13563000000,4112,"Надання кредитів підприємствам, установам, організаціям",5708949,5708949,0,0,Lviv
2021-02-28,S,13563000000,4113,Надання інших внутрішніх кредитів,2251000,2251000,0,0,Lviv
2021-02-28,T,13563000000,4113,Надання інших внутрішніх кредитів,18751000,18751000,0,NA,Lviv
2021-03-31,T,26000000000,4112,"Надання кредитів підприємствам, установам, організаціям",194753116,194753116,0,NA,Kyiv
2021-03-31,T,26000000000,4122,"Повернення кредитів підприємствами, установами, організаціями",-81336671,0,-40804407.98,NA,Kyiv
2021-03-31,C,26000000000,4122,"Повернення кредитів підприємствами, установами, організаціями",-81336671,0,-40804407.98,NA,Kyiv
2021-03-31,S,26000000000,4123,Повернення інших внутрішніх кредитів,-300000,0,-561764.53,0,Kyiv
2021-03-31,C,26000000000,4112,"Надання кредитів підприємствам, установам, організаціям",194753116,194753116,0,NA,Kyiv
2021-03-31,T,26000000000,4123,Повернення інших внутрішніх кредитів,-300000,0,-561764.53,NA,Kyiv
2021-03-31,S,13563000000,4122,"Повернення кредитів підприємствами, установами, організаціями",-5708949,0,-5708948.73,0,Lviv
2021-03-31,S,13563000000,4113,Надання інших внутрішніх кредитів,2251000,2251000,0,0,Lviv
2021-03-31,T,13563000000,4112,"Надання кредитів підприємствам, установам, організаціям",5708949,5708949,0,NA,Lviv
2021-03-31,S,13563000000,4123,Повернення інших внутрішніх кредитів,-2251000,0,-665387.26,0,Lviv
2021-03-31,C,13563000000,4113,Надання інших внутрішніх кредитів,16500000,16500000,0,NA,Lviv
2021-03-31,T,13563000000,4122,"Повернення кредитів підприємствами, установами, організаціями",-5708949,0,-5708948.73,NA,Lviv
2021-03-31,T,13563000000,4123,Повернення інших внутрішніх кредитів,-2251000,0,-665387.26,NA,Lviv
2021-03-31,T,13563000000,4113,Надання інших внутрішніх кредитів,18751000,18751000,0,NA,Lviv
2021-03-31,S,13563000000,4112,"Надання кредитів підприємствам, установам, організаціям",5708949,5708949,0,0,Lviv
2021-04-30,S,26000000000,4123,Повернення інших внутрішніх кредитів,-300000,0,-561764.53,0,Kyiv
2021-04-30,C,26000000000,4112,"Надання кредитів підприємствам, установам, організаціям",194753116,194753116,0,NA,Kyiv
2021-04-30,T,26000000000,4112,"Надання кредитів підприємствам, установам, організаціям",194753116,194753116,0,NA,Kyiv
2021-04-30,T,26000000000,4122,"Повернення кредитів підприємствами, установами, організаціями",-81336671,0,-53133057.64,NA,Kyiv
2021-04-30,T,26000000000,4123,Повернення інших внутрішніх кредитів,-300000,0,-561764.53,NA,Kyiv
2021-04-30,C,26000000000,4122,"Повернення кредитів підприємствами, установами, організаціями",-81336671,0,-53133057.64,NA,Kyiv
2021-04-30,C,13563000000,4113,Надання інших внутрішніх кредитів,16500000,16500000,0,NA,Lviv
2021-04-30,T,13563000000,4122,"Повернення кредитів підприємствами, установами, організаціями",-5708949,0,-5708948.73,NA,Lviv
2021-04-30,S,13563000000,4123,Повернення інших внутрішніх кредитів,-2251000,0,-781660.15,0,Lviv
2021-04-30,S,13563000000,4112,"Надання кредитів підприємствам, установам, організаціям",5708949,5708949,0,0,Lviv
2021-04-30,T,13563000000,4123,Повернення інших внутрішніх кредитів,-2251000,0,-781660.15,NA,Lviv
2021-04-30,T,13563000000,4112,"Надання кредитів підприємствам, установам, організаціям",5708949,5708949,0,NA,Lviv
2021-04-30,T,13563000000,4113,Надання інших внутрішніх кредитів,18751000,18751000,0,NA,Lviv
2021-04-30,S,13563000000,4122,"Повернення кредитів підприємствами, установами, організаціями",-5708949,0,-5708948.73,0,Lviv
2021-04-30,S,13563000000,4113,Надання інших внутрішніх кредитів,2251000,2251000,0,0,Lviv
2021-05-31,T,26000000000,4112,"Надання кредитів підприємствам, установам, організаціям",194753116,194753116,0,NA,Kyiv
2021-05-31,S,26000000000,4123,Повернення інших внутрішніх кредитів,-300000,0,-561764.53,0,Kyiv
2021-05-31,C,26000000000,4122,"Повернення кредитів підприємствами, установами, організаціями",-81336671,0,-53515507.3,NA,Kyiv
2021-05-31,T,26000000000,4122,"Повернення кредитів підприємствами, установами, організаціями",-81336671,0,-53515507.3,NA,Kyiv
2021-05-31,C,26000000000,4112,"Надання кредитів підприємствам, установам, організаціям",194753116,194753116,0,NA,Kyiv
2021-05-31,T,26000000000,4123,Повернення інших внутрішніх кредитів,-300000,0,-561764.53,NA,Kyiv
2021-05-31,S,13563000000,4122,"Повернення кредитів підприємствами, установами, організаціями",-5708949,0,-5708948.73,0,Lviv
2021-05-31,T,13563000000,4123,Повернення інших внутрішніх кредитів,-2251000,0,-827098.34,NA,Lviv
2021-05-31,S,13563000000,4112,"Надання кредитів підприємствам, установам, організаціям",5708949,5708949,0,0,Lviv
2021-05-31,T,13563000000,4112,"Надання кредитів підприємствам, установам, організаціям",5708949,5708949,0,NA,Lviv
2021-05-31,T,13563000000,4113,Надання інших внутрішніх кредитів,18751000,18751000,0,NA,Lviv
2021-05-31,S,13563000000,4113,Надання інших внутрішніх кредитів,2251000,2251000,0,0,Lviv
2021-05-31,C,13563000000,4113,Надання інших внутрішніх кредитів,16500000,16500000,0,NA,Lviv
2021-05-31,T,13563000000,4122,"Повернення кредитів підприємствами, установами, організаціями",-5708949,0,-5708948.73,NA,Lviv
2021-05-31,S,13563000000,4123,Повернення інших внутрішніх кредитів,-2251000,0,-827098.34,0,Lviv
2021-06-30,T,26000000000,4112,"Надання кредитів підприємствам, установам, організаціям",194753116,194753116,0,NA,Kyiv
2021-06-30,C,26000000000,4112,"Надання кредитів підприємствам, установам, організаціям",194753116,194753116,0,NA,Kyiv
2021-06-30,T,26000000000,4122,"Повернення кредитів підприємствами, установами, організаціями",-81336671,0,-53826905.96,NA,Kyiv
2021-06-30,S,26000000000,4123,Повернення інших внутрішніх кредитів,-300000,0,-787400.78,0,Kyiv
2021-06-30,C,26000000000,4122,"Повернення кредитів підприємствами, установами, організаціями",-81336671,0,-53826905.96,NA,Kyiv
2021-06-30,T,26000000000,4123,Повернення інших внутрішніх кредитів,-300000,0,-787400.78,NA,Kyiv
2021-06-30,T,13563000000,4112,"Надання кредитів підприємствам, установам, організаціям",5708949,5708949,0,NA,Lviv
2021-06-30,T,13563000000,4122,"Повернення кредитів підприємствами, установами, організаціями",-5708949,0,-5708948.73,NA,Lviv
2021-06-30,S,13563000000,4112,"Надання кредитів підприємствам, установам, організаціям",5708949,5708949,0,0,Lviv
2021-06-30,S,13563000000,4123,Повернення інших внутрішніх кредитів,-2251000,0,-1239943.64,0,Lviv
2021-06-30,C,13563000000,4113,Надання інших внутрішніх кредитів,16500000,16500000,1064976,NA,Lviv
2021-06-30,S,13563000000,4113,Надання інших внутрішніх кредитів,4461960,4461960,2894016,0,Lviv
2021-06-30,S,13563000000,4122,"Повернення кредитів підприємствами, установами, організаціями",-5708949,0,-5708948.73,0,Lviv
2021-06-30,T,13563000000,4123,Повернення інших внутрішніх кредитів,-2251000,0,-1239943.64,NA,Lviv
2021-06-30,T,13563000000,4113,Надання інших внутрішніх кредитів,20961960,20961960,3958992,NA,Lviv
2021-07-31,T,26000000000,4122,"Повернення кредитів підприємствами, установами, організаціями",-81336671,0,-54334833.46,NA,Kyiv
2021-07-31,C,26000000000,4122,"Повернення кредитів підприємствами, установами, організаціями",-81336671,0,-54334833.46,NA,Kyiv
2021-07-31,T,26000000000,4112,"Надання кредитів підприємствам, установам, організаціям",194753116,194753116,0,NA,Kyiv
2021-07-31,C,26000000000,4112,"Надання кредитів підприємствам, установам, організаціям",194753116,194753116,0,NA,Kyiv
2021-07-31,S,26000000000,4123,Повернення інших внутрішніх кредитів,-300000,0,-787400.78,0,Kyiv
2021-07-31,T,26000000000,4123,Повернення інших внутрішніх кредитів,-300000,0,-787400.78,NA,Kyiv
2021-07-31,S,13563000000,4123,Повернення інших внутрішніх кредитів,-2251000,0,-1414108.01,0,Lviv
2021-07-31,C,13563000000,4113,Надання інших внутрішніх кредитів,16500000,16500000,4624158,NA,Lviv
2021-07-31,S,13563000000,4122,"Повернення кредитів підприємствами, установами, організаціями",-5708949,0,-5708948.73,0,Lviv
2021-07-31,T,13563000000,4112,"Надання кредитів підприємствам, установам, організаціям",5708949,5708949,0,NA,Lviv
2021-07-31,S,13563000000,4112,"Надання кредитів підприємствам, установам, організаціям",5708949,5708949,0,0,Lviv
2021-07-31,T,13563000000,4123,Повернення інших внутрішніх кредитів,-2251000,0,-1414108.01,NA,Lviv
2021-07-31,T,13563000000,4122,"Повернення кредитів підприємствами, установами, організаціями",-5708949,0,-5708948.73,NA,Lviv
2021-07-31,T,13563000000,4113,Надання інших внутрішніх кредитів,20961960,20961960,7518174,NA,Lviv
2021-07-31,S,13563000000,4113,Надання інших внутрішніх кредитів,4461960,4461960,2894016,0,Lviv
2021-08-31,C,26000000000,4112,"Надання кредитів підприємствам, установам, організаціям",194753116,194753116,3500000,NA,Kyiv
2021-08-31,C,26000000000,4122,"Повернення кредитів підприємствами, установами, організаціями",-81336671,0,-54775160.96,NA,Kyiv
2021-08-31,T,26000000000,4122,"Повернення кредитів підприємствами, установами, організаціями",-81336671,0,-54775160.96,NA,Kyiv
2021-08-31,S,26000000000,4123,Повернення інших внутрішніх кредитів,-300000,0,-787400.78,0,Kyiv
2021-08-31,T,26000000000,4123,Повернення інших внутрішніх кредитів,-300000,0,-787400.78,NA,Kyiv
2021-08-31,T,26000000000,4112,"Надання кредитів підприємствам, установам, організаціям",194753116,194753116,3500000,NA,Kyiv
2021-08-31,S,13563000000,4113,Надання інших внутрішніх кредитів,4461960,4461960,3154556,0,Lviv
2021-08-31,T,13563000000,4123,Повернення інших внутрішніх кредитів,-2251000,0,-1452216.07,NA,Lviv
2021-08-31,S,13563000000,4112,"Надання кредитів підприємствам, установам, організаціям",5708949,5708949,0,0,Lviv
2021-08-31,T,13563000000,4122,"Повернення кредитів підприємствами, установами, організаціями",-5708949,0,-5708948.73,NA,Lviv
2021-08-31,T,13563000000,4112,"Надання кредитів підприємствам, установам, організаціям",5708949,5708949,0,NA,Lviv
2021-08-31,T,13563000000,4113,Надання інших внутрішніх кредитів,20961960,20961960,12012867,NA,Lviv
2021-08-31,S,13563000000,4123,Повернення інших внутрішніх кредитів,-2251000,0,-1452216.07,0,Lviv
2021-08-31,S,13563000000,4122,"Повернення кредитів підприємствами, установами, організаціями",-5708949,0,-5708948.73,0,Lviv
2021-08-31,C,13563000000,4113,Надання інших внутрішніх кредитів,16500000,16500000,8858311,NA,Lviv
2021-09-30,C,26000000000,4122,"Повернення кредитів підприємствами, установами, організаціями",-81336671,0,-55316788.46,NA,Kyiv
2021-09-30,T,26000000000,4123,Повернення інших внутрішніх кредитів,-300000,0,-1282920.61,NA,Kyiv
2021-09-30,C,26000000000,4112,"Надання кредитів підприємствам, установам, організаціям",194753116,194753116,3500000,NA,Kyiv
2021-09-30,T,26000000000,4122,"Повернення кредитів підприємствами, установами, організаціями",-81336671,0,-55316788.46,NA,Kyiv
2021-09-30,T,26000000000,4112,"Надання кредитів підприємствам, установам, організаціям",194753116,194753116,3500000,NA,Kyiv
2021-09-30,S,26000000000,4123,Повернення інших внутрішніх кредитів,-300000,0,-1282920.61,0,Kyiv
2021-09-30,T,13563000000,4112,"Надання кредитів підприємствам, установам, організаціям",5708949,5708949,0,NA,Lviv
2021-09-30,S,13563000000,4122,"Повернення кредитів підприємствами, установами, організаціями",-5708949,0,-5708948.73,0,Lviv
2021-09-30,S,13563000000,4123,Повернення інших внутрішніх кредитів,-2251000,0,-1960643.47,0,Lviv
2021-09-30,C,13563000000,4113,Надання інших внутрішніх кредитів,16500000,16500000,11010545,NA,Lviv
2021-09-30,S,13563000000,4112,"Надання кредитів підприємствам, установам, організаціям",5708949,5708949,0,0,Lviv
2021-09-30,T,13563000000,4123,Повернення інших внутрішніх кредитів,-2251000,0,-1960643.47,NA,Lviv
2021-09-30,S,13563000000,4113,Надання інших внутрішніх кредитів,4461960,4461960,3154556,0,Lviv
2021-09-30,T,13563000000,4122,"Повернення кредитів підприємствами, установами, організаціями",-5708949,0,-5708948.73,NA,Lviv
2021-09-30,T,13563000000,4113,Надання інших внутрішніх кредитів,20961960,20961960,14165101,NA,Lviv
2021-10-31,C,26000000000,4122,"Повернення кредитів підприємствами, установами, організаціями",-81385047,0,-55988415.96,NA,Kyiv
2021-10-31,C,26000000000,4112,"Надання кредитів підприємствам, установам, організаціям",43604105,43604105,3500000,NA,Kyiv
2021-10-31,T,26000000000,4112,"Надання кредитів підприємствам, установам, організаціям",43604105,43604105,3500000,NA,Kyiv
2021-10-31,T,26000000000,4123,Повернення інших внутрішніх кредитів,-300000,0,-1282920.61,NA,Kyiv
2021-10-31,S,26000000000,4123,Повернення інших внутрішніх кредитів,-300000,0,-1282920.61,0,Kyiv
2021-10-31,T,26000000000,4122,"Повернення кредитів підприємствами, установами, організаціями",-81385047,0,-55988415.96,NA,Kyiv
2021-10-31,T,13563000000,4122,"Повернення кредитів підприємствами, установами, організаціями",-5708949,0,-5708948.73,NA,Lviv
2021-10-31,S,13563000000,4112,"Надання кредитів підприємствам, установам, організаціям",5708949,5708949,0,0,Lviv
2021-10-31,T,13563000000,4123,Повернення інших внутрішніх кредитів,-2251000,0,-2117053.45,NA,Lviv
2021-10-31,T,13563000000,4113,Надання інших внутрішніх кредитів,20961960,20961960,14987068,NA,Lviv
2021-10-31,S,13563000000,4123,Повернення інших внутрішніх кредитів,-2251000,0,-2117053.45,0,Lviv
2021-10-31,S,13563000000,4122,"Повернення кредитів підприємствами, установами, організаціями",-5708949,0,-5708948.73,0,Lviv
2021-10-31,C,13563000000,4113,Надання інших внутрішніх кредитів,16500000,16500000,11550000,NA,Lviv
2021-10-31,T,13563000000,4112,"Надання кредитів підприємствам, установам, організаціям",5708949,5708949,0,NA,Lviv
2021-10-31,S,13563000000,4113,Надання інших внутрішніх кредитів,4461960,4461960,3437068,0,Lviv
2021-11-30,T,26000000000,4122,"Повернення кредитів підприємствами, установами, організаціями",-81385047,0,-68684433.46,NA,Kyiv
2021-11-30,C,26000000000,4112,"Надання кредитів підприємствам, установам, організаціям",44874105,44874105,25851118,NA,Kyiv
2021-11-30,T,26000000000,4112,"Надання кредитів підприємствам, установам, організаціям",44874105,44874105,25851118,NA,Kyiv
2021-11-30,S,26000000000,4123,Повернення інших внутрішніх кредитів,-300000,0,-1513112.95,0,Kyiv
2021-11-30,T,26000000000,4123,Повернення інших внутрішніх кредитів,-300000,0,-1513112.95,NA,Kyiv
2021-11-30,C,26000000000,4122,"Повернення кредитів підприємствами, установами, організаціями",-81385047,0,-68684433.46,NA,Kyiv
2021-11-30,T,13563000000,4122,"Повернення кредитів підприємствами, установами, організаціями",-5708949,0,-5708948.73,NA,Lviv
2021-11-30,C,13563000000,4113,Надання інших внутрішніх кредитів,16500000,16500000,12392204,NA,Lviv
2021-11-30,T,13563000000,4113,Надання інших внутрішніх кредитів,20961960,20961960,15829272,NA,Lviv
2021-11-30,S,13563000000,4112,"Надання кредитів підприємствам, установам, організаціям",5708949,5708949,0,0,Lviv
2021-11-30,T,13563000000,4112,"Надання кредитів підприємствам, установам, організаціям",5708949,5708949,0,NA,Lviv
2021-11-30,S,13563000000,4122,"Повернення кредитів підприємствами, установами, організаціями",-5708949,0,-5708948.73,0,Lviv
2021-11-30,S,13563000000,4113,Надання інших внутрішніх кредитів,4461960,4461960,3437068,0,Lviv
2021-11-30,T,13563000000,4123,Повернення інших внутрішніх кредитів,-2251000,0,-2242746.87,NA,Lviv
2021-11-30,S,13563000000,4123,Повернення інших внутрішніх кредитів,-2251000,0,-2242746.87,0,Lviv
2021-12-31,T,26000000000,4122,"Повернення кредитів підприємствами, установами, організаціями",-81385047,0,-82415046.87,NA,Kyiv
2021-12-31,S,26000000000,4123,Повернення інших внутрішніх кредитів,-300000,0,-1945571.84,0,Kyiv
2021-12-31,C,26000000000,4112,"Надання кредитів підприємствам, установам, організаціям",44874105,44874105,32320989,NA,Kyiv
2021-12-31,T,26000000000,4123,Повернення інших внутрішніх кредитів,-300000,0,-1945571.84,NA,Kyiv
2021-12-31,T,26000000000,4112,"Надання кредитів підприємствам, установам, організаціям",44874105,44874105,32320989,NA,Kyiv
2021-12-31,C,26000000000,4122,"Повернення кредитів підприємствами, установами, організаціями",-81385047,0,-82415046.87,NA,Kyiv
2021-12-31,T,13563000000,4122,"Повернення кредитів підприємствами, установами, організаціями",-5708949,0,-5708948.73,NA,Lviv
2021-12-31,T,13563000000,4112,"Надання кредитів підприємствам, установам, організаціям",5708949,5708949,0,NA,Lviv
2021-12-31,S,13563000000,4113,Надання інших внутрішніх кредитів,4461960,4461960,4461960,0,Lviv
2021-12-31,S,13563000000,4122,"Повернення кредитів підприємствами, установами, організаціями",-5708949,0,-5708948.73,0,Lviv
2021-12-31,C,13563000000,4113,Надання інших внутрішніх кредитів,16500000,16500000,16500000,NA,Lviv
2021-12-31,S,13563000000,4123,Повернення інших внутрішніх кредитів,-2251000,0,-2794008,0,Lviv
2021-12-31,T,13563000000,4113,Надання інших внутрішніх кредитів,20961960,20961960,20961960,NA,Lviv
2021-12-31,T,13563000000,4123,Повернення інших внутрішніх кредитів,-2251000,0,-2794008,NA,Lviv
2021-12-31,S,13563000000,4112,"Надання кредитів підприємствам, установам, організаціям",5708949,5708949,0,0,Lviv
2022-01-31,T,26000000000,4112,"Надання кредитів підприємствам, установам, організаціям",75912111,3500000,0,NA,Kyiv
2022-01-31,T,26000000000,4123,Повернення інших внутрішніх кредитів,-240000,0,0,NA,Kyiv
2022-01-31,T,26000000000,4122,"Повернення кредитів підприємствами, установами, організаціями",-94190619,0,-13618969.49,NA,Kyiv
2022-01-31,C,26000000000,4112,"Надання кредитів підприємствам, установам, організаціям",75912111,3500000,0,NA,Kyiv
2022-01-31,S,26000000000,4123,Повернення інших внутрішніх кредитів,-240000,0,0,0,Kyiv
2022-01-31,C,26000000000,4122,"Повернення кредитів підприємствами, установами, організаціями",-94190619,0,-13618969.49,NA,Kyiv
2022-01-31,S,13563000000,4112,"Надання кредитів підприємствам, установам, організаціям",295000000,0,0,0,Lviv
2022-01-31,T,13563000000,4112,"Надання кредитів підприємствам, установам, організаціям",295000000,0,0,NA,Lviv
2022-01-31,T,13563000000,4123,Повернення інших внутрішніх кредитів,-2767800,0,-155338.45,NA,Lviv
2022-01-31,C,13563000000,4113,Надання інших внутрішніх кредитів,17500000,17500000,0,NA,Lviv
2022-01-31,S,13563000000,4123,Повернення інших внутрішніх кредитів,-2767800,0,-155338.45,0,Lviv
2022-01-31,S,13563000000,4113,Надання інших внутрішніх кредитів,2767800,2767800,0,0,Lviv
2022-01-31,T,13563000000,4113,Надання інших внутрішніх кредитів,20267800,20267800,0,NA,Lviv
2022-02-28,T,26000000000,4123,Повернення інших внутрішніх кредитів,-240000,0,0,NA,Kyiv
2022-02-28,C,26000000000,4122,"Повернення кредитів підприємствами, установами, організаціями",-94190619,0,-27002255.32,NA,Kyiv
2022-02-28,C,26000000000,4112,"Надання кредитів підприємствам, установам, організаціям",75912111,3500000,0,NA,Kyiv
2022-02-28,S,26000000000,4123,Повернення інших внутрішніх кредитів,-240000,0,0,0,Kyiv
2022-02-28,T,26000000000,4112,"Надання кредитів підприємствам, установам, організаціям",75912111,3500000,0,NA,Kyiv
2022-02-28,T,26000000000,4122,"Повернення кредитів підприємствами, установами, організаціями",-94190619,0,-27002255.32,NA,Kyiv
2022-02-28,T,13563000000,4123,Повернення інших внутрішніх кредитів,-2767800,0,-286875.85,NA,Lviv
2022-02-28,C,13563000000,4113,Надання інших внутрішніх кредитів,17500000,17500000,0,NA,Lviv
2022-02-28,S,13563000000,4113,Надання інших внутрішніх кредитів,2767800,2767800,0,0,Lviv
2022-02-28,T,13563000000,4113,Надання інших внутрішніх кредитів,20267800,20267800,0,NA,Lviv
2022-02-28,S,13563000000,4123,Повернення інших внутрішніх кредитів,-2767800,0,-286875.85,0,Lviv
2022-02-28,T,13563000000,4112,"Надання кредитів підприємствам, установам, організаціям",270000000,0,0,NA,Lviv
2022-02-28,S,13563000000,4112,"Надання кредитів підприємствам, установам, організаціям",270000000,0,0,0,Lviv
2022-03-31,S,26000000000,4123,Повернення інших внутрішніх кредитів,-240000,0,0,0,Kyiv
2022-03-31,C,26000000000,4112,"Надання кредитів підприємствам, установам, організаціям",556375317,483963206,480463206,NA,Kyiv
2022-03-31,T,26000000000,4123,Повернення інших внутрішніх кредитів,-240000,0,0,NA,Kyiv
2022-03-31,C,26000000000,4122,"Повернення кредитів підприємствами, установами, організаціями",-94190619,0,-27338034.81,NA,Kyiv
2022-03-31,T,26000000000,4112,"Надання кредитів підприємствам, установам, організаціям",556375317,483963206,480463206,NA,Kyiv
2022-03-31,T,26000000000,4122,"Повернення кредитів підприємствами, установами, організаціями",-94190619,0,-27338034.81,NA,Kyiv
2022-03-31,C,13563000000,4113,Надання інших внутрішніх кредитів,17500000,17500000,0,NA,Lviv
2022-03-31,S,13563000000,4112,"Надання кредитів підприємствам, установам, організаціям",270000000,0,0,0,Lviv
2022-03-31,T,13563000000,4123,Повернення інших внутрішніх кредитів,-2767800,0,-750048.34,NA,Lviv
2022-03-31,S,13563000000,4113,Надання інших внутрішніх кредитів,2767800,2767800,0,0,Lviv
2022-03-31,T,13563000000,4112,"Надання кредитів підприємствам, установам, організаціям",270000000,0,0,NA,Lviv
2022-03-31,S,13563000000,4123,Повернення інших внутрішніх кредитів,-2767800,0,-750048.34,0,Lviv
2022-03-31,T,13563000000,4113,Надання інших внутрішніх кредитів,20267800,20267800,0,NA,Lviv
2022-04-30,T,26000000000,4123,Повернення інших внутрішніх кредитів,-240000,0,0,NA,Kyiv
2022-04-30,T,26000000000,4122,"Повернення кредитів підприємствами, установами, організаціями",-94190619,0,-28359914.81,NA,Kyiv
2022-04-30,C,26000000000,4112,"Надання кредитів підприємствам, установам, організаціям",556375317,483963206,480463206,NA,Kyiv
2022-04-30,S,26000000000,4123,Повернення інших внутрішніх кредитів,-240000,0,0,0,Kyiv
2022-04-30,T,26000000000,4112,"Надання кредитів підприємствам, установам, організаціям",556375317,483963206,480463206,NA,Kyiv
2022-04-30,C,26000000000,4122,"Повернення кредитів підприємствами, установами, організаціями",-94190619,0,-28359914.81,NA,Kyiv
2022-04-30,T,13563000000,4123,Повернення інших внутрішніх кредитів,-2767800,0,-818734.36,NA,Lviv
2022-04-30,S,13563000000,4123,Повернення інших внутрішніх кредитів,-2767800,0,-818734.36,0,Lviv
2022-04-30,S,13563000000,4113,Надання інших внутрішніх кредитів,2767800,2767800,0,0,Lviv
2022-04-30,S,13563000000,4112,"Надання кредитів підприємствам, установам, організаціям",270000000,0,0,0,Lviv
2022-04-30,T,13563000000,4113,Надання інших внутрішніх кредитів,20267800,20267800,0,NA,Lviv
2022-04-30,T,13563000000,4112,"Надання кредитів підприємствам, установам, організаціям",270000000,0,0,NA,Lviv
2022-04-30,C,13563000000,4113,Надання інших внутрішніх кредитів,17500000,17500000,0,NA,Lviv
2022-05-31,C,26000000000,4122,"Повернення кредитів підприємствами, установами, організаціями",-94190619,0,-28359914.81,NA,Kyiv
2022-05-31,T,26000000000,4122,"Повернення кредитів підприємствами, установами, організаціями",-94190619,0,-28359914.81,NA,Kyiv
2022-05-31,T,26000000000,4123,Повернення інших внутрішніх кредитів,-240000,0,-550704.6,NA,Kyiv
2022-05-31,S,26000000000,4123,Повернення інших внутрішніх кредитів,-240000,0,-550704.6,0,Kyiv
2022-05-31,T,26000000000,4112,"Надання кредитів підприємствам, установам, організаціям",556375317,483963206,480463206,NA,Kyiv
2022-05-31,C,26000000000,4112,"Надання кредитів підприємствам, установам, організаціям",556375317,483963206,480463206,NA,Kyiv
2022-05-31,C,13563000000,4113,Надання інших внутрішніх кредитів,17500000,17500000,0,NA,Lviv
2022-05-31,T,13563000000,4113,Надання інших внутрішніх кредитів,20267800,20267800,0,NA,Lviv
2022-05-31,S,13563000000,4112,"Надання кредитів підприємствам, установам, організаціям",270000000,0,0,0,Lviv
2022-05-31,S,13563000000,4113,Надання інших внутрішніх кредитів,2767800,2767800,0,0,Lviv
2022-05-31,T,13563000000,4112,"Надання кредитів підприємствам, установам, організаціям",270000000,0,0,NA,Lviv
2022-05-31,S,13563000000,4123,Повернення інших внутрішніх кредитів,-2767800,0,-954458.16,0,Lviv
2022-05-31,T,13563000000,4123,Повернення інших внутрішніх кредитів,-2767800,0,-954458.16,NA,Lviv
2022-06-30,T,26000000000,4123,Повернення інших внутрішніх кредитів,-240000,0,-550705.82,NA,Kyiv
2022-06-30,T,26000000000,4112,"Надання кредитів підприємствам, установам, організаціям",556375317,483963206,480463206,NA,Kyiv
2022-06-30,S,26000000000,4123,Повернення інших внутрішніх кредитів,-240000,0,-550705.82,0,Kyiv
2022-06-30,C,26000000000,4112,"Надання кредитів підприємствам, установам, організаціям",556375317,483963206,480463206,NA,Kyiv
2022-06-30,C,26000000000,4122,"Повернення кредитів підприємствами, установами, організаціями",-94190619,0,-28409914.81,NA,Kyiv
2022-06-30,T,26000000000,4122,"Повернення кредитів підприємствами, установами, організаціями",-94190619,0,-28409914.81,NA,Kyiv
2022-06-30,T,13563000000,4112,"Надання кредитів підприємствам, установам, організаціям",270000000,0,0,NA,Lviv
2022-06-30,S,13563000000,4123,Повернення інших внутрішніх кредитів,-2767800,0,-1383521.12,0,Lviv
2022-06-30,S,13563000000,4112,"Надання кредитів підприємствам, установам, організаціям",270000000,0,0,0,Lviv
2022-06-30,S,13563000000,4113,Надання інших внутрішніх кредитів,2767800,2767800,0,0,Lviv
2022-06-30,T,13563000000,4123,Повернення інших внутрішніх кредитів,-2767800,0,-1383521.12,NA,Lviv
2022-06-30,T,13563000000,4113,Надання інших внутрішніх кредитів,20267800,20267800,0,NA,Lviv
2022-06-30,C,13563000000,4113,Надання інших внутрішніх кредитів,17500000,17500000,0,NA,Lviv
2022-07-31,C,26000000000,4122,"Повернення кредитів підприємствами, установами, організаціями",-94190619,0,-28479914.81,NA,Kyiv
2022-07-31,T,26000000000,4123,Повернення інших внутрішніх кредитів,-240000,0,-550705.82,NA,Kyiv
2022-07-31,S,26000000000,4123,Повернення інших внутрішніх кредитів,-240000,0,-550705.82,0,Kyiv
2022-07-31,T,26000000000,4122,"Повернення кредитів підприємствами, установами, організаціями",-94190619,0,-28479914.81,NA,Kyiv
2022-07-31,T,26000000000,4112,"Надання кредитів підприємствам, установам, організаціям",556375317,483963206,480463206,NA,Kyiv
2022-07-31,C,26000000000,4112,"Надання кредитів підприємствам, установам, організаціям",556375317,483963206,480463206,NA,Kyiv
2022-07-31,C,13563000000,4113,Надання інших внутрішніх кредитів,17500000,17500000,0,NA,Lviv
2022-07-31,T,13563000000,4113,Надання інших внутрішніх кредитів,20267800,20267800,0,NA,Lviv
2022-07-31,S,13563000000,4113,Надання інших внутрішніх кредитів,2767800,2767800,0,0,Lviv
2022-07-31,T,13563000000,4123,Повернення інших внутрішніх кредитів,-2767800,0,-1569542.23,NA,Lviv
2022-07-31,S,13563000000,4123,Повернення інших внутрішніх кредитів,-2767800,0,-1569542.23,0,Lviv
2022-07-31,T,13563000000,4112,"Надання кредитів підприємствам, установам, організаціям",270000000,0,0,NA,Lviv
2022-07-31,S,13563000000,4112,"Надання кредитів підприємствам, установам, організаціям",270000000,0,0,0,Lviv
2022-08-31,C,26000000000,4112,"Надання кредитів підприємствам, установам, організаціям",556375317,483963206,480463206,NA,Kyiv
2022-08-31,C,26000000000,4122,"Повернення кредитів підприємствами, установами, організаціями",-94190619,0,-28499914.81,NA,Kyiv
2022-08-31,T,26000000000,4123,Повернення інших внутрішніх кредитів,-240000,0,-550705.82,NA,Kyiv
2022-08-31,T,26000000000,4112,"Надання кредитів підприємствам, установам, організаціям",556375317,483963206,480463206,NA,Kyiv
2022-08-31,T,26000000000,4122,"Повернення кредитів підприємствами, установами, організаціями",-94190619,0,-28499914.81,NA,Kyiv
2022-08-31,S,26000000000,4123,Повернення інших внутрішніх кредитів,-240000,0,-550705.82,0,Kyiv
2022-08-31,S,13563000000,4113,Надання інших внутрішніх кредитів,2767800,2767800,0,0,Lviv
2022-08-31,S,13563000000,4123,Повернення інших внутрішніх кредитів,-2767800,0,-1719400.16,0,Lviv
2022-08-31,T,13563000000,4113,Надання інших внутрішніх кредитів,20267800,20267800,0,NA,Lviv
2022-08-31,C,13563000000,4113,Надання інших внутрішніх кредитів,17500000,17500000,0,NA,Lviv
2022-08-31,S,13563000000,4112,"Надання кредитів підприємствам, установам, організаціям",270000000,0,0,0,Lviv
2022-08-31,T,13563000000,4112,"Надання кредитів підприємствам, установам, організаціям",270000000,0,0,NA,Lviv
2022-08-31,T,13563000000,4123,Повернення інших внутрішніх кредитів,-2767800,0,-1719400.16,NA,Lviv
2022-09-30,T,26000000000,4112,"Надання кредитів підприємствам, установам, організаціям",556375317,483963206,480463206,NA,Kyiv
2022-09-30,S,26000000000,4123,Повернення інших внутрішніх кредитів,-240000,0,-936090.67,0,Kyiv
2022-09-30,C,26000000000,4112,"Надання кредитів підприємствам, установам, організаціям",556375317,483963206,480463206,NA,Kyiv
2022-09-30,T,26000000000,4123,Повернення інших внутрішніх кредитів,-240000,0,-936090.67,NA,Kyiv
2022-09-30,C,26000000000,4122,"Повернення кредитів підприємствами, установами, організаціями",-94190619,0,-28971282.13,NA,Kyiv
2022-09-30,T,26000000000,4122,"Повернення кредитів підприємствами, установами, організаціями",-94190619,0,-28971282.13,NA,Kyiv
2022-09-30,S,13563000000,4123,Повернення інших внутрішніх кредитів,-2767800,0,-2298681.96,0,Lviv
2022-09-30,T,13563000000,4113,Надання інших внутрішніх кредитів,20267800,20267800,0,NA,Lviv
2022-09-30,T,13563000000,4123,Повернення інших внутрішніх кредитів,-2767800,0,-2298681.96,NA,Lviv
2022-09-30,C,13563000000,4113,Надання інших внутрішніх кредитів,17500000,17500000,0,NA,Lviv
2022-09-30,T,13563000000,4112,"Надання кредитів підприємствам, установам, організаціям",104500000,0,0,NA,Lviv
2022-09-30,S,13563000000,4113,Надання інших внутрішніх кредитів,2767800,2767800,0,0,Lviv
2022-09-30,S,13563000000,4112,"Надання кредитів підприємствам, установам, організаціям",104500000,0,0,0,Lviv
2022-10-31,S,26000000000,4123,Повернення інших внутрішніх кредитів,-240000,0,-936090.67,0,Kyiv
2022-10-31,T,26000000000,4123,Повернення інших внутрішніх кредитів,-240000,0,-936090.67,NA,Kyiv
2022-10-31,T,26000000000,4122,"Повернення кредитів підприємствами, установами, організаціями",-94190619,0,-29496965.79,NA,Kyiv
2022-10-31,C,26000000000,4122,"Повернення кредитів підприємствами, установами, організаціями",-94190619,0,-29496965.79,NA,Kyiv
2022-10-31,T,26000000000,4112,"Надання кредитів підприємствам, установам, організаціям",1052875317,980463206,480463206,NA,Kyiv
2022-10-31,C,26000000000,4112,"Надання кредитів підприємствам, установам, організаціям",1052875317,980463206,480463206,NA,Kyiv
2022-10-31,C,13563000000,4113,Надання інших внутрішніх кредитів,17500000,17500000,0,NA,Lviv
2022-10-31,S,13563000000,4123,Повернення інших внутрішніх кредитів,-2767800,0,-2549646.88,0,Lviv
2022-10-31,T,13563000000,4123,Повернення інших внутрішніх кредитів,-2767800,0,-2549646.88,NA,Lviv
2022-10-31,S,13563000000,4112,"Надання кредитів підприємствам, установам, організаціям",72500000,0,0,0,Lviv
2022-10-31,S,13563000000,4113,Надання інших внутрішніх кредитів,2767800,2767800,0,0,Lviv
2022-10-31,T,13563000000,4112,"Надання кредитів підприємствам, установам, організаціям",72500000,0,0,NA,Lviv
2022-10-31,T,13563000000,4113,Надання інших внутрішніх кредитів,20267800,20267800,0,NA,Lviv
2022-11-30,C,26000000000,4112,"Надання кредитів підприємствам, установам, організаціям",1209170131.82,1136758020.82,1136758020.82,NA,Kyiv
2022-11-30,T,26000000000,4123,Повернення інших внутрішніх кредитів,-240000,0,-936090.67,NA,Kyiv
2022-11-30,S,26000000000,4123,Повернення інших внутрішніх кредитів,-240000,0,-936090.67,0,Kyiv
2022-11-30,T,26000000000,4112,"Надання кредитів підприємствам, установам, організаціям",1209170131.82,1136758020.82,1136758020.82,NA,Kyiv
2022-11-30,T,26000000000,4122,"Повернення кредитів підприємствами, установами, організаціями",-94190619,0,-30067999.11,NA,Kyiv
2022-11-30,C,26000000000,4122,"Повернення кредитів підприємствами, установами, організаціями",-94190619,0,-30067999.11,NA,Kyiv
2022-11-30,S,13563000000,4123,Повернення інших внутрішніх кредитів,-2767800,0,-2724662.51,0,Lviv
2022-11-30,S,13563000000,4113,Надання інших внутрішніх кредитів,2767800,2767800,0,0,Lviv
2022-11-30,T,13563000000,4123,Повернення інших внутрішніх кредитів,-2767800,0,-2724662.51,NA,Lviv
2022-11-30,T,13563000000,4112,"Надання кредитів підприємствам, установам, організаціям",72500000,0,0,NA,Lviv
2022-11-30,T,13563000000,4113,Надання інших внутрішніх кредитів,20267800,20267800,0,NA,Lviv
2022-11-30,C,13563000000,4113,Надання інших внутрішніх кредитів,17500000,17500000,0,NA,Lviv
2022-11-30,S,13563000000,4112,"Надання кредитів підприємствам, установам, організаціям",72500000,0,0,0,Lviv
2022-12-31,T,26000000000,4123,Повернення інших внутрішніх кредитів,-240000,0,-1457180.42,NA,Kyiv
2022-12-31,S,26000000000,4123,Повернення інших внутрішніх кредитів,-240000,0,-1457180.42,0,Kyiv
2022-12-31,T,26000000000,4112,"Надання кредитів підприємствам, установам, організаціям",1199042372.2,1199042372.2,1163087184.3,NA,Kyiv
2022-12-31,C,26000000000,4122,"Повернення кредитів підприємствами, установами, організаціями",-353403825,0,-247316549.65,NA,Kyiv
2022-12-31,C,26000000000,4112,"Надання кредитів підприємствам, установам, організаціям",1199042372.2,1199042372.2,1163087184.3,NA,Kyiv
2022-12-31,T,26000000000,4122,"Повернення кредитів підприємствами, установами, організаціями",-353403825,0,-247316549.65,NA,Kyiv
2022-12-31,T,13563000000,4112,"Надання кредитів підприємствам, установам, організаціям",72500000,0,0,NA,Lviv
2022-12-31,T,13563000000,4113,Надання інших внутрішніх кредитів,20267800,20267800,9664730,NA,Lviv
2022-12-31,C,13563000000,4113,Надання інших внутрішніх кредитів,17500000,17500000,9664730,NA,Lviv
2022-12-31,S,13563000000,4112,"Надання кредитів підприємствам, установам, організаціям",72500000,0,0,0,Lviv
2022-12-31,T,13563000000,4123,Повернення інших внутрішніх кредитів,-2767800,0,-3484056.88,NA,Lviv
2022-12-31,S,13563000000,4123,Повернення інших внутрішніх кредитів,-2767800,0,-3484056.88,0,Lviv
2022-12-31,S,13563000000,4113,Надання інших внутрішніх кредитів,2767800,2767800,0,0,Lviv
2023-01-31,T,26000000000,4122,"Повернення кредитів підприємствами, установами, організаціями",-63293661,0,-263605,NA,Kyiv
2023-01-31,C,26000000000,4122,"Повернення кредитів підприємствами, установами, організаціями",-63293661,0,-263605,NA,Kyiv
2023-01-31,T,26000000000,4112,"Надання кредитів підприємствам, установам, організаціям",130061926,0,0,NA,Kyiv
2023-01-31,T,26000000000,4123,Повернення інших внутрішніх кредитів,-180000,0,0,NA,Kyiv
2023-01-31,C,26000000000,4112,"Надання кредитів підприємствам, установам, організаціям",130061926,0,0,NA,Kyiv
2023-01-31,S,26000000000,4123,Повернення інших внутрішніх кредитів,-180000,0,0,0,Kyiv
2023-01-31,T,1356300000,4113,Надання інших внутрішніх кредитів,26701400,26701400,0,NA,Lviv
2023-01-31,S,1356300000,4123,Повернення інших внутрішніх кредитів,-3951400,0,-265440.72,0,Lviv
2023-01-31,T,1356300000,4112,"Надання кредитів підприємствам, установам, організаціям",392550000,0,0,NA,Lviv
2023-01-31,S,1356300000,4113,Надання інших внутрішніх кредитів,3951400,3951400,0,0,Lviv
2023-01-31,T,1356300000,4123,Повернення інших внутрішніх кредитів,-3951400,0,-265440.72,NA,Lviv
2023-01-31,C,1356300000,4113,Надання інших внутрішніх кредитів,22750000,22750000,0,NA,Lviv
2023-01-31,S,1356300000,4112,"Надання кредитів підприємствам, установам, організаціям",392550000,0,0,0,Lviv
2023-02-28,T,26000000000,4122,"Повернення кредитів підприємствами, установами, організаціями",-63293661,0,-527400,NA,Kyiv
2023-02-28,S,26000000000,4123,Повернення інших внутрішніх кредитів,-180000,0,0,0,Kyiv
2023-02-28,C,26000000000,4112,"Надання кредитів підприємствам, установам, організаціям",130061926,0,0,NA,Kyiv
2023-02-28,T,26000000000,4112,"Надання кредитів підприємствам, установам, організаціям",130061926,0,0,NA,Kyiv
2023-02-28,C,26000000000,4122,"Повернення кредитів підприємствами, установами, організаціями",-63293661,0,-527400,NA,Kyiv
2023-02-28,T,26000000000,4123,Повернення інших внутрішніх кредитів,-180000,0,0,NA,Kyiv
2023-02-28,C,1356300000,4113,Надання інших внутрішніх кредитів,22750000,22750000,0,NA,Lviv
2023-02-28,S,1356300000,4112,"Надання кредитів підприємствам, установам, організаціям",392550000,0,0,0,Lviv
2023-02-28,T,1356300000,4123,Повернення інших внутрішніх кредитів,-3951400,0,-290490.72,NA,Lviv
2023-02-28,S,1356300000,4113,Надання інших внутрішніх кредитів,3951400,3951400,0,0,Lviv
2023-02-28,T,1356300000,4113,Надання інших внутрішніх кредитів,26701400,26701400,0,NA,Lviv
2023-02-28,S,1356300000,4123,Повернення інших внутрішніх кредитів,-3951400,0,-290490.72,0,Lviv
2023-02-28,T,1356300000,4112,"Надання кредитів підприємствам, установам, організаціям",392550000,0,0,NA,Lviv
2023-03-31,T,26000000000,4123,Повернення інших внутрішніх кредитів,-180000,0,-551784.73,NA,Kyiv
2023-03-31,C,26000000000,4112,"Надання кредитів підприємствам, установам, організаціям",130061926,0,0,NA,Kyiv
2023-03-31,S,26000000000,4123,Повернення інших внутрішніх кредитів,-180000,0,-551784.73,0,Kyiv
2023-03-31,T,26000000000,4122,"Повернення кредитів підприємствами, установами, організаціями",-63293661,0,-2173705.49,NA,Kyiv
2023-03-31,T,26000000000,4112,"Надання кредитів підприємствам, установам, організаціям",130061926,0,0,NA,Kyiv
2023-03-31,C,26000000000,4122,"Повернення кредитів підприємствами, установами, організаціями",-63293661,0,-2173705.49,NA,Kyiv
2023-03-31,T,1356300000,4112,"Надання кредитів підприємствам, установам, організаціям",392550000,0,0,NA,Lviv
2023-03-31,S,1356300000,4112,"Надання кредитів підприємствам, установам, організаціям",392550000,0,0,0,Lviv
2023-03-31,C,1356300000,4113,Надання інших внутрішніх кредитів,22750000,22750000,0,NA,Lviv
2023-03-31,S,1356300000,4113,Надання інших внутрішніх кредитів,3951400,3951400,0,0,Lviv
2023-03-31,T,1356300000,4123,Повернення інших внутрішніх кредитів,-3951400,0,-290490.72,NA,Lviv
2023-03-31,S,1356300000,4123,Повернення інших внутрішніх кредитів,-3951400,0,-290490.72,0,Lviv
2023-03-31,T,1356300000,4113,Надання інших внутрішніх кредитів,26701400,26701400,0,NA,Lviv
2023-04-30,T,26000000000,4122,"Повернення кредитів підприємствами, установами, організаціями",-387548345,0,-2841398,NA,Kyiv
2023-04-30,C,26000000000,4112,"Надання кредитів підприємствам, установам, організаціям",130061926,0,0,NA,Kyiv
2023-04-30,T,26000000000,4123,Повернення інших внутрішніх кредитів,-180000,0,-551784.73,NA,Kyiv
2023-04-30,C,26000000000,4122,"Повернення кредитів підприємствами, установами, організаціями",-387548345,0,-2841398,NA,Kyiv
2023-04-30,S,26000000000,4123,Повернення інших внутрішніх кредитів,-180000,0,-551784.73,0,Kyiv
2023-04-30,T,26000000000,4112,"Надання кредитів підприємствам, установам, організаціям",130061926,0,0,NA,Kyiv
2023-04-30,S,1356300000,4113,Надання інших внутрішніх кредитів,3951400,3951400,0,0,Lviv
2023-04-30,T,1356300000,4112,"Надання кредитів підприємствам, установам, організаціям",392550000,0,0,NA,Lviv
2023-04-30,T,1356300000,4113,Надання інших внутрішніх кредитів,26701400,26701400,0,NA,Lviv
2023-04-30,S,1356300000,4123,Повернення інших внутрішніх кредитів,-3951400,0,-1330006.69,0,Lviv
2023-04-30,C,1356300000,4113,Надання інших внутрішніх кредитів,22750000,22750000,0,NA,Lviv
2023-04-30,T,1356300000,4123,Повернення інших внутрішніх кредитів,-3951400,0,-1330006.69,NA,Lviv
2023-04-30,S,1356300000,4112,"Надання кредитів підприємствам, установам, організаціям",392550000,0,0,0,Lviv
2023-05-31,S,26000000000,4123,Повернення інших внутрішніх кредитів,-180000,0,-551784.73,0,Kyiv
2023-05-31,T,26000000000,4122,"Повернення кредитів підприємствами, установами, організаціями",-387548345,0,-3199083,NA,Kyiv
2023-05-31,T,26000000000,4123,Повернення інших внутрішніх кредитів,-180000,0,-551784.73,NA,Kyiv
2023-05-31,C,26000000000,4122,"Повернення кредитів підприємствами, установами, організаціями",-387548345,0,-3199083,NA,Kyiv
2023-05-31,C,26000000000,4112,"Надання кредитів підприємствам, установам, організаціям",130061926,0,0,NA,Kyiv
2023-05-31,T,26000000000,4112,"Надання кредитів підприємствам, установам, організаціям",130061926,0,0,NA,Kyiv
2023-05-31,S,1356300000,4113,Надання інших внутрішніх кредитів,8436900,8436900,0,0,Lviv
2023-05-31,C,1356300000,4113,Надання інших внутрішніх кредитів,22750000,22750000,0,NA,Lviv
2023-05-31,T,1356300000,4112,"Надання кредитів підприємствам, установам, організаціям",392550000,0,0,NA,Lviv
2023-05-31,S,1356300000,4123,Повернення інших внутрішніх кредитів,-3951400,0,-1532512.44,0,Lviv
2023-05-31,S,1356300000,4112,"Надання кредитів підприємствам, установам, організаціям",392550000,0,0,0,Lviv
2023-05-31,T,1356300000,4113,Надання інших внутрішніх кредитів,31186900,31186900,0,NA,Lviv
2023-05-31,T,1356300000,4123,Повернення інших внутрішніх кредитів,-3951400,0,-1532512.44,NA,Lviv
2023-06-30,S,26000000000,4123,Повернення інших внутрішніх кредитів,-180000,0,-928368.73,0,Kyiv
2023-06-30,T,26000000000,4122,"Повернення кредитів підприємствами, установами, організаціями",-387548345,0,-3487878,NA,Kyiv
2023-06-30,C,26000000000,4122,"Повернення кредитів підприємствами, установами, організаціями",-387548345,0,-3487878,NA,Kyiv
2023-06-30,T,26000000000,4123,Повернення інших внутрішніх кредитів,-180000,0,-928368.73,NA,Kyiv
2023-06-30,C,26000000000,4112,"Надання кредитів підприємствам, установам, організаціям",130061926,0,0,NA,Kyiv
2023-06-30,T,26000000000,4112,"Надання кредитів підприємствам, установам, організаціям",130061926,0,0,NA,Kyiv
2023-06-30,C,1356300000,4113,Надання інших внутрішніх кредитів,22750000,22750000,0,NA,Lviv
2023-06-30,S,1356300000,4112,"Надання кредитів підприємствам, установам, організаціям",392550000,0,0,0,Lviv
2023-06-30,T,1356300000,4112,"Надання кредитів підприємствам, установам, організаціям",392550000,0,0,NA,Lviv
2023-06-30,T,1356300000,4123,Повернення інших внутрішніх кредитів,-3951400,0,-2049007.97,NA,Lviv
2023-06-30,T,1356300000,4113,Надання інших внутрішніх кредитів,31186900,31186900,0,NA,Lviv
2023-06-30,S,1356300000,4123,Повернення інших внутрішніх кредитів,-3951400,0,-2049007.97,0,Lviv
2023-06-30,S,1356300000,4113,Надання інших внутрішніх кредитів,8436900,8436900,0,0,Lviv
2023-07-31,S,26000000000,4123,Повернення інших внутрішніх кредитів,-180000,0,-928368.73,0,Kyiv
2023-07-31,T,26000000000,4123,Повернення інших внутрішніх кредитів,-180000,0,-928368.73,NA,Kyiv
2023-07-31,C,26000000000,4112,"Надання кредитів підприємствам, установам, організаціям",130061926,0,0,NA,Kyiv
2023-07-31,C,26000000000,4122,"Повернення кредитів підприємствами, установами, організаціями",-387548345,0,-85300521.81,NA,Kyiv
2023-07-31,T,26000000000,4112,"Надання кредитів підприємствам, установам, організаціям",130061926,0,0,NA,Kyiv
2023-07-31,T,26000000000,4122,"Повернення кредитів підприємствами, установами, організаціями",-387548345,0,-85300521.81,NA,Kyiv
2023-07-31,T,1356300000,4123,Повернення інших внутрішніх кредитів,-3951400,0,-2277518.87,NA,Lviv
2023-07-31,T,1356300000,4113,Надання інших внутрішніх кредитів,31186900,31186900,0,NA,Lviv
2023-07-31,S,1356300000,4112,"Надання кредитів підприємствам, установам, організаціям",392550000,0,0,0,Lviv
2023-07-31,S,1356300000,4113,Надання інших внутрішніх кредитів,8436900,8436900,0,0,Lviv
2023-07-31,S,1356300000,4123,Повернення інших внутрішніх кредитів,-3951400,0,-2277518.87,0,Lviv
2023-07-31,T,1356300000,4112,"Надання кредитів підприємствам, установам, організаціям",392550000,0,0,NA,Lviv
2023-07-31,C,1356300000,4113,Надання інших внутрішніх кредитів,22750000,22750000,0,NA,Lviv
2023-08-31,T,26000000000,4112,"Надання кредитів підприємствам, установам, організаціям",130061926,0,0,NA,Kyiv
2023-08-31,S,26000000000,4123,Повернення інших внутрішніх кредитів,-180000,0,-928368.73,0,Kyiv
2023-08-31,C,26000000000,4122,"Повернення кредитів підприємствами, установами, організаціями",-387548345,0,-118017575.4,NA,Kyiv
2023-08-31,T,26000000000,4122,"Повернення кредитів підприємствами, установами, організаціями",-387548345,0,-118017575.4,NA,Kyiv
2023-08-31,T,26000000000,4123,Повернення інших внутрішніх кредитів,-180000,0,-928368.73,NA,Kyiv
2023-08-31,C,26000000000,4112,"Надання кредитів підприємствам, установам, організаціям",130061926,0,0,NA,Kyiv
2023-08-31,S,1356300000,4123,Повернення інших внутрішніх кредитів,-3951400,0,-2415823.27,0,Lviv
2023-08-31,T,1356300000,4112,"Надання кредитів підприємствам, установам, організаціям",392550000,0,0,NA,Lviv
2023-08-31,S,1356300000,4113,Надання інших внутрішніх кредитів,8436900,8436900,0,0,Lviv
2023-08-31,S,1356300000,4112,"Надання кредитів підприємствам, установам, організаціям",392550000,0,0,0,Lviv
2023-08-31,T,1356300000,4113,Надання інших внутрішніх кредитів,31186900,31186900,0,NA,Lviv
2023-08-31,C,1356300000,4113,Надання інших внутрішніх кредитів,22750000,22750000,0,NA,Lviv
2023-08-31,T,1356300000,4123,Повернення інших внутрішніх кредитів,-3951400,0,-2415823.27,NA,Lviv
2023-09-30,T,26000000000,4112,"Надання кредитів підприємствам, установам, організаціям",130061926,0,0,NA,Kyiv
2023-09-30,T,26000000000,4122,"Повернення кредитів підприємствами, установами, організаціями",-387548345,0,-118097060.4,NA,Kyiv
2023-09-30,C,26000000000,4112,"Надання кредитів підприємствам, установам, організаціям",130061926,0,0,NA,Kyiv
2023-09-30,T,26000000000,4123,Повернення інших внутрішніх кредитів,-180000,0,-1268233.48,NA,Kyiv
2023-09-30,S,26000000000,4123,Повернення інших внутрішніх кредитів,-180000,0,-1268233.48,0,Kyiv
2023-09-30,C,26000000000,4122,"Повернення кредитів підприємствами, установами, організаціями",-387548345,0,-118097060.4,NA,Kyiv
2023-09-30,S,1356300000,4112,"Надання кредитів підприємствам, установам, організаціям",182300000,0,0,0,Lviv
2023-09-30,T,1356300000,4123,Повернення інших внутрішніх кредитів,-3951400,0,-2768744.3,NA,Lviv
2023-09-30,S,1356300000,4123,Повернення інших внутрішніх кредитів,-3951400,0,-2768744.3,0,Lviv
2023-09-30,T,1356300000,4112,"Надання кредитів підприємствам, установам, організаціям",182300000,0,0,NA,Lviv
2023-09-30,T,1356300000,4113,Надання інших внутрішніх кредитів,31186900,31186900,0,NA,Lviv
2023-09-30,S,1356300000,4113,Надання інших внутрішніх кредитів,8436900,8436900,0,0,Lviv
2023-09-30,C,1356300000,4113,Надання інших внутрішніх кредитів,22750000,22750000,0,NA,Lviv
2023-10-31,S,26000000000,4123,Повернення інших внутрішніх кредитів,-180000,0,-1268233.48,0,Kyiv
2023-10-31,C,26000000000,4112,"Надання кредитів підприємствам, установам, організаціям",130061926,0,0,NA,Kyiv
2023-10-31,C,26000000000,4122,"Повернення кредитів підприємствами, установами, організаціями",-387548345,0,-166716045.4,NA,Kyiv
2023-10-31,T,26000000000,4123,Повернення інших внутрішніх кредитів,-180000,0,-1268233.48,NA,Kyiv
2023-10-31,T,26000000000,4122,"Повернення кредитів підприємствами, установами, організаціями",-387548345,0,-166716045.4,NA,Kyiv
2023-10-31,T,26000000000,4112,"Надання кредитів підприємствам, установам, організаціям",130061926,0,0,NA,Kyiv
2023-10-31,S,1356300000,4123,Повернення інших внутрішніх кредитів,-3951400,0,-3422391.09,0,Lviv
2023-10-31,C,1356300000,4113,Надання інших внутрішніх кредитів,22750000,22750000,966660,NA,Lviv
2023-10-31,T,1356300000,4112,"Надання кредитів підприємствам, установам, організаціям",182300000,0,0,NA,Lviv
2023-10-31,S,1356300000,4112,"Надання кредитів підприємствам, установам, організаціям",182300000,0,0,0,Lviv
2023-10-31,T,1356300000,4123,Повернення інших внутрішніх кредитів,-3951400,0,-3422391.09,NA,Lviv
2023-10-31,S,1356300000,4113,Надання інших внутрішніх кредитів,8436900,8436900,0,0,Lviv
2023-10-31,T,1356300000,4113,Надання інших внутрішніх кредитів,31186900,31186900,966660,NA,Lviv
2023-11-30,C,26000000000,4122,"Повернення кредитів підприємствами, установами, організаціями",-387548345,0,-215505030.4,NA,Kyiv
2023-11-30,T,26000000000,4112,"Надання кредитів підприємствам, установам, організаціям",348316842,218254916,218254916,NA,Kyiv
2023-11-30,T,26000000000,4122,"Повернення кредитів підприємствами, установами, організаціями",-387548345,0,-215505030.4,NA,Kyiv
2023-11-30,C,26000000000,4112,"Надання кредитів підприємствам, установам, організаціям",348316842,218254916,218254916,NA,Kyiv
2023-11-30,T,26000000000,4123,Повернення інших внутрішніх кредитів,-180000,0,-1268233.48,NA,Kyiv
2023-11-30,S,26000000000,4123,Повернення інших внутрішніх кредитів,-180000,0,-1268233.48,0,Kyiv
2023-11-30,S,1356300000,4113,Надання інших внутрішніх кредитів,8436900,8436900,0,0,Lviv
2023-11-30,T,1356300000,4112,"Надання кредитів підприємствам, установам, організаціям",50118000,0,0,NA,Lviv
2023-11-30,T,1356300000,4113,Надання інших внутрішніх кредитів,31186900,31186900,5649418,NA,Lviv
2023-11-30,S,1356300000,4123,Повернення інших внутрішніх кредитів,-3951400,0,-3554977.75,0,Lviv
2023-11-30,C,1356300000,4113,Надання інших внутрішніх кредитів,22750000,22750000,5649418,NA,Lviv
2023-11-30,T,1356300000,4123,Повернення інших внутрішніх кредитів,-3951400,0,-3554977.75,NA,Lviv
2023-11-30,S,1356300000,4112,"Надання кредитів підприємствам, установам, організаціям",50118000,0,0,0,Lviv
2023-12-31,S,26000000000,4123,Повернення інших внутрішніх кредитів,-180000,0,-1760905.34,0,Kyiv
2023-12-31,C,26000000000,4112,"Надання кредитів підприємствам, установам, організаціям",218254916,218254916,218254916,NA,Kyiv
2023-12-31,T,26000000000,4112,"Надання кредитів підприємствам, установам, організаціям",218254916,218254916,218254916,NA,Kyiv
2023-12-31,T,26000000000,4123,Повернення інших внутрішніх кредитів,-180000,0,-1760905.34,NA,Kyiv
2023-12-31,T,26000000000,4122,"Повернення кредитів підприємствами, установами, організаціями",-387548345,0,-220470291.49,NA,Kyiv
2023-12-31,C,26000000000,4122,"Повернення кредитів підприємствами, установами, організаціями",-387548345,0,-220470291.49,NA,Kyiv
2023-12-31,C,1356300000,4113,Надання інших внутрішніх кредитів,22750000,22750000,22715050,NA,Lviv
2023-12-31,S,1356300000,4112,"Надання кредитів підприємствам, установам, організаціям",50118000,0,0,0,Lviv
2023-12-31,S,1356300000,4113,Надання інших внутрішніх кредитів,8436900,8436900,7088019,0,Lviv
2023-12-31,T,1356300000,4123,Повернення інших внутрішніх кредитів,-3951400,0,-4478023.34,NA,Lviv
2023-12-31,S,1356300000,4123,Повернення інших внутрішніх кредитів,-3951400,0,-4478023.34,0,Lviv
2023-12-31,T,1356300000,4112,"Надання кредитів підприємствам, установам, організаціям",50118000,0,0,NA,Lviv
2023-12-31,T,1356300000,4113,Надання інших внутрішніх кредитів,31186900,31186900,29803069,NA,Lviv
2024-01-31,T,26000000000,4122,"Повернення кредитів підприємствами, установами, організаціями",-876766020,0,-50201295,NA,Kyiv
2024-01-31,T,26000000000,4112,"Надання кредитів підприємствам, установам, організаціям",102319207.8,20758800.8,0,NA,Kyiv
2024-01-31,C,26000000000,4122,"Повернення кредитів підприємствами, установами, організаціями",-876766020,0,-50201295,NA,Kyiv
2024-01-31,S,26000000000,4123,Повернення інших внутрішніх кредитів,-180000,0,0,0,Kyiv
2024-01-31,C,26000000000,4112,"Надання кредитів підприємствам, установам, організаціям",102319207.8,20758800.8,0,NA,Kyiv
2024-01-31,T,26000000000,4123,Повернення інших внутрішніх кредитів,-180000,0,0,NA,Kyiv
2024-01-31,T,1356300000,4123,Повернення інших внутрішніх кредитів,-5817800,0,-393554.51,NA,Lviv
2024-01-31,S,1356300000,4113,Надання інших внутрішніх кредитів,5817800,5817800,0,0,Lviv
2024-01-31,S,1356300000,4123,Повернення інших внутрішніх кредитів,-5817800,0,-393554.51,0,Lviv
2024-01-31,T,1356300000,4113,Надання інших внутрішніх кредитів,31024800,31024800,0,NA,Lviv
2024-01-31,C,1356300000,4113,Надання інших внутрішніх кредитів,25207000,25207000,0,NA,Lviv
2024-01-31,S,1356300000,4112,"Надання кредитів підприємствам, установам, організаціям",388970000,0,0,0,Lviv
2024-01-31,T,1356300000,4112,"Надання кредитів підприємствам, установам, організаціям",388970000,0,0,NA,Lviv
2024-02-29,T,26000000000,4123,Повернення інших внутрішніх кредитів,-180000,0,0,NA,Kyiv
2024-02-29,T,26000000000,4112,"Надання кредитів підприємствам, установам, організаціям",102319207.8,20758800.8,15758800.8,NA,Kyiv
2024-02-29,C,26000000000,4112,"Надання кредитів підприємствам, установам, організаціям",102319207.8,20758800.8,15758800.8,NA,Kyiv
2024-02-29,S,26000000000,4123,Повернення інших внутрішніх кредитів,-180000,0,0,0,Kyiv
2024-02-29,T,26000000000,4122,"Повернення кредитів підприємствами, установами, організаціями",-876766020,0,-100392590,NA,Kyiv
2024-02-29,C,26000000000,4122,"Повернення кредитів підприємствами, установами, організаціями",-876766020,0,-100392590,NA,Kyiv
2024-02-29,C,1356300000,4113,Надання інших внутрішніх кредитів,25207000,25207000,0,NA,Lviv
2024-02-29,S,1356300000,4113,Надання інших внутрішніх кредитів,5817800,5817800,0,0,Lviv
2024-02-29,T,1356300000,4113,Надання інших внутрішніх кредитів,31024800,31024800,0,NA,Lviv
2024-02-29,S,1356300000,4112,"Надання кредитів підприємствам, установам, організаціям",388970000,0,0,0,Lviv
2024-02-29,T,1356300000,4112,"Надання кредитів підприємствам, установам, організаціям",388970000,0,0,NA,Lviv
2024-02-29,S,1356300000,4123,Повернення інших внутрішніх кредитів,-5817800,0,-744808.93,0,Lviv
2024-02-29,T,1356300000,4123,Повернення інших внутрішніх кредитів,-5817800,0,-744808.93,NA,Lviv
2024-03-31,S,26000000000,4123,Повернення інших внутрішніх кредитів,-180000,0,-622288.14,0,Kyiv
2024-03-31,C,26000000000,4122,"Повернення кредитів підприємствами, установами, організаціями",-876766020,0,-118760736.19,NA,Kyiv
2024-03-31,T,26000000000,4112,"Надання кредитів підприємствам, установам, організаціям",102319207.8,20758800.8,15758800.8,NA,Kyiv
2024-03-31,T,26000000000,4123,Повернення інших внутрішніх кредитів,-180000,0,-622288.14,NA,Kyiv
2024-03-31,T,26000000000,4122,"Повернення кредитів підприємствами, установами, організаціями",-876766020,0,-118760736.19,NA,Kyiv
2024-03-31,C,26000000000,4112,"Надання кредитів підприємствам, установам, організаціям",102319207.8,20758800.8,15758800.8,NA,Kyiv
2024-03-31,T,1356300000,4123,Повернення інших внутрішніх кредитів,-5817800,0,-1250998.74,NA,Lviv
2024-03-31,C,1356300000,4113,Надання інших внутрішніх кредитів,25207000,25207000,0,NA,Lviv
2024-03-31,T,1356300000,4112,"Надання кредитів підприємствам, установам, організаціям",388970000,0,0,NA,Lviv
2024-03-31,S,1356300000,4113,Надання інших внутрішніх кредитів,5817800,5817800,0,0,Lviv
2024-03-31,T,1356300000,4113,Надання інших внутрішніх кредитів,31024800,31024800,0,NA,Lviv
2024-03-31,S,1356300000,4112,"Надання кредитів підприємствам, установам, організаціям",388970000,0,0,0,Lviv
2024-03-31,S,1356300000,4123,Повернення інших внутрішніх кредитів,-5817800,0,-1250998.74,0,Lviv
2024-04-30,T,26000000000,4123,Повернення інших внутрішніх кредитів,-180000,0,-622288.14,NA,Kyiv
2024-04-30,C,26000000000,4122,"Повернення кредитів підприємствами, установами, організаціями",-902626985,0,-118929031.19,NA,Kyiv
2024-04-30,T,26000000000,4122,"Повернення кредитів підприємствами, установами, організаціями",-902626985,0,-118929031.19,NA,Kyiv
2024-04-30,S,26000000000,4123,Повернення інших внутрішніх кредитів,-180000,0,-622288.14,0,Kyiv
2024-04-30,C,26000000000,4112,"Надання кредитів підприємствам, установам, організаціям",335007417.8,253447010.8,15758800.8,NA,Kyiv
2024-04-30,T,26000000000,4112,"Надання кредитів підприємствам, установам, організаціям",335007417.8,253447010.8,15758800.8,NA,Kyiv
2024-04-30,T,1356300000,4113,Надання інших внутрішніх кредитів,31024800,31024800,0,NA,Lviv
2024-04-30,T,1356300000,4112,"Надання кредитів підприємствам, установам, організаціям",388970000,0,0,NA,Lviv
2024-04-30,C,1356300000,4113,Надання інших внутрішніх кредитів,25207000,25207000,0,NA,Lviv
2024-04-30,S,1356300000,4113,Надання інших внутрішніх кредитів,5817800,5817800,0,0,Lviv
2024-04-30,S,1356300000,4112,"Надання кредитів підприємствам, установам, організаціям",388970000,0,0,0,Lviv
2024-04-30,T,1356300000,4123,Повернення інших внутрішніх кредитів,-5817800,0,-2208970.84,NA,Lviv
2024-04-30,S,1356300000,4123,Повернення інших внутрішніх кредитів,-5817800,0,-2208970.84,0,Lviv
2024-05-31,C,26000000000,4122,"Повернення кредитів підприємствами, установами, організаціями",-902626985,0,-119019826.19,NA,Kyiv
2024-05-31,T,26000000000,4123,Повернення інших внутрішніх кредитів,-180000,0,-622288.14,NA,Kyiv
2024-05-31,T,26000000000,4122,"Повернення кредитів підприємствами, установами, організаціями",-902626985,0,-119019826.19,NA,Kyiv
2024-05-31,S,26000000000,4123,Повернення інших внутрішніх кредитів,-180000,0,-622288.14,0,Kyiv
2024-05-31,T,26000000000,4112,"Надання кредитів підприємствам, установам, організаціям",335007417.8,253447010.8,248447010.8,NA,Kyiv
2024-05-31,C,26000000000,4112,"Надання кредитів підприємствам, установам, організаціям",335007417.8,253447010.8,248447010.8,NA,Kyiv
2024-05-31,C,1356300000,4113,Надання інших внутрішніх кредитів,25207000,25207000,0,NA,Lviv
2024-05-31,T,1356300000,4123,Повернення інших внутрішніх кредитів,-5817800,0,-2351614.69,NA,Lviv
2024-05-31,T,1356300000,4113,Надання інших внутрішніх кредитів,31024800,31024800,0,NA,Lviv
2024-05-31,S,1356300000,4123,Повернення інших внутрішніх кредитів,-5817800,0,-2351614.69,0,Lviv
2024-05-31,T,1356300000,4112,"Надання кредитів підприємствам, установам, організаціям",388970000,0,0,NA,Lviv
2024-05-31,S,1356300000,4113,Надання інших внутрішніх кредитів,5817800,5817800,0,0,Lviv
2024-05-31,S,1356300000,4112,"Надання кредитів підприємствам, установам, організаціям",388970000,0,0,0,Lviv
2024-06-30,T,26000000000,4123,Повернення інших внутрішніх кредитів,-180000,0,-1059662.1,NA,Kyiv
2024-06-30,T,26000000000,4122,"Повернення кредитів підприємствами, установами, організаціями",-902626986,0,-119065621.19,NA,Kyiv
2024-06-30,C,26000000000,4112,"Надання кредитів підприємствам, установам, організаціям",335007417.8,253447010.8,248447010.8,NA,Kyiv
2024-06-30,T,26000000000,4112,"Надання кредитів підприємствам, установам, організаціям",335007417.8,253447010.8,248447010.8,NA,Kyiv
2024-06-30,C,26000000000,4122,"Повернення кредитів підприємствами, установами, організаціями",-902626986,0,-119065621.19,NA,Kyiv
2024-06-30,S,26000000000,4123,Повернення інших внутрішніх кредитів,-180000,0,-1059662.1,0,Kyiv
2024-06-30,S,1356300000,4113,Надання інших внутрішніх кредитів,5817800,5817800,0,0,Lviv
2024-06-30,C,1356300000,4113,Надання інших внутрішніх кредитів,25207000,25207000,0,NA,Lviv
2024-06-30,T,1356300000,4112,"Надання кредитів підприємствам, установам, організаціям",388970000,0,0,NA,Lviv
2024-06-30,T,1356300000,4123,Повернення інших внутрішніх кредитів,-5817800,0,-2760244.8,NA,Lviv
2024-06-30,S,1356300000,4112,"Надання кредитів підприємствам, установам, організаціям",388970000,0,0,0,Lviv
2024-06-30,S,1356300000,4123,Повернення інших внутрішніх кредитів,-5817800,0,-2760244.8,0,Lviv
2024-06-30,T,1356300000,4113,Надання інших внутрішніх кредитів,31024800,31024800,0,NA,Lviv
2024-07-31,T,26000000000,4122,"Повернення кредитів підприємствами, установами, організаціями",-902626986,0,-119075216.19,NA,Kyiv
2024-07-31,C,26000000000,4122,"Повернення кредитів підприємствами, установами, організаціями",-902626986,0,-119075216.19,NA,Kyiv
2024-07-31,C,26000000000,4112,"Надання кредитів підприємствам, установам, організаціям",343367796.8,261807389.8,251096337.04,NA,Kyiv
2024-07-31,T,26000000000,4112,"Надання кредитів підприємствам, установам, організаціям",343367796.8,261807389.8,251096337.04,NA,Kyiv
2024-07-31,T,26000000000,4123,Повернення інших внутрішніх кредитів,-180000,0,-1059662.1,NA,Kyiv
2024-07-31,S,26000000000,4123,Повернення інших внутрішніх кредитів,-180000,0,-1059662.1,0,Kyiv
2024-07-31,T,1356300000,4123,Повернення інших внутрішніх кредитів,-5817800,0,-3371866.23,NA,Lviv
2024-07-31,S,1356300000,4123,Повернення інших внутрішніх кредитів,-5817800,0,-3371866.23,0,Lviv
2024-07-31,T,1356300000,4112,"Надання кредитів підприємствам, установам, організаціям",388970000,0,0,NA,Lviv
2024-07-31,S,1356300000,4113,Надання інших внутрішніх кредитів,5817800,5817800,0,0,Lviv
2024-07-31,C,1356300000,4113,Надання інших внутрішніх кредитів,25207000,25207000,0,NA,Lviv
2024-07-31,S,1356300000,4112,"Надання кредитів підприємствам, установам, організаціям",388970000,0,0,0,Lviv
2024-07-31,T,1356300000,4113,Надання інших внутрішніх кредитів,31024800,31024800,0,NA,Lviv
